Macrovipera schweizeri;Cyclades Blunt-nosed Viper;Endangered;Stable;http://www.iucnredlist.org/apps/redlist/details/12654/0
Aquilegia barbaricina;Barbaricina Colombine;Critically Endangered;Decreasing;http://www.iucnredlist.org/apps/redlist/details/61671/0
Micropyropsis tuberosa;;Endangered;Decreasing;http://www.iucnredlist.org/apps/redlist/details/162107/0
Anaglyptus luteofasciatus;;Endangered;Unknown;http://www.iucnredlist.org/apps/redlist/details/157814/0
Narcissus radinganorum;;Endangered;Unknown;http://www.iucnredlist.org/apps/redlist/details/61605/0
Iberolacerta cyreni;;Endangered;Decreasing;http://www.iucnredlist.org/apps/redlist/details/61514/0
Mustela lutreola;European Mink;Endangered;Decreasing;http://www.iucnredlist.org/apps/redlist/details/14018/0
Alburnus sarmaticus;Pontian Shemaya;Endangered;Unknown;http://www.iucnredlist.org/apps/redlist/details/135590/0
Cobitis vettonica;;Endangered;Decreasing;http://www.iucnredlist.org/apps/redlist/details/60347/0
Parabythinella macedonica;;Endangered;Unknown;http://www.iucnredlist.org/apps/redlist/details/155612/0
Polygala sinisica;;Critically Endangered;Unknown;http://www.iucnredlist.org/apps/redlist/details/61669/0
Acipenser stellatus;Stellate Sturgeon;Endangered;;http://www.iucnredlist.org/apps/redlist/details/255/0
Arenaria nevadensis;;Critically Endangered;Unknown;http://www.iucnredlist.org/apps/redlist/details/61634/0
Pelasgus laconicus;;Critically Endangered;Decreasing;http://www.iucnredlist.org/apps/redlist/details/61374/0
Branta ruficollis;Red-breasted Goose;Endangered;Decreasing;http://www.iucnredlist.org/apps/redlist/details/141456/0
Radix pinteri;;Endangered;Decreasing;http://www.iucnredlist.org/apps/redlist/details/155759/0
Graziana provincialis;;Endangered;Unknown;http://www.iucnredlist.org/apps/redlist/details/155945/0
Bupleurum elatum;;Critically Endangered;Unknown;http://www.iucnredlist.org/apps/redlist/details/61610/0
Rana pyrenaica;Pyrenean Frog;Endangered;Decreasing;http://www.iucnredlist.org/apps/redlist/details/19183/0
Chalcides mauritanicus;Two-fingered Skink;Endangered;Decreasing;http://www.iucnredlist.org/apps/redlist/details/61479/0
Gallotia bravoana;La Gomera Giant Lizard;Critically Endangered;Increasing;http://www.iucnredlist.org/apps/redlist/details/61502/0
Cordulegaster helladica;Greek Goldenring;Endangered;Decreasing;http://www.iucnredlist.org/apps/redlist/details/59706/0
Pelophylax cerigensis;Karpathos Frog;Critically Endangered;Decreasing;http://www.iucnredlist.org/apps/redlist/details/58567/0
Silene hicesiae;;Critically Endangered;Decreasing;http://www.iucnredlist.org/apps/redlist/details/61643/0
Bythiospeum bormanni;;Endangered;Decreasing;http://www.iucnredlist.org/apps/redlist/details/155867/0
Lamyropsis microcephala;;Critically Endangered;Unknown;http://www.iucnredlist.org/apps/redlist/details/61625/0
Salvelinus grayi;;Critically Endangered;Decreasing;http://www.iucnredlist.org/apps/redlist/details/135413/0
Belgrandiella parreyssii;;Critically Endangered;Decreasing;http://www.iucnredlist.org/apps/redlist/details/2734/0
Epinephelus marginatus;Dusky Grouper;Endangered;Decreasing;http://www.iucnredlist.org/apps/redlist/details/7859/0
Scardinius scardafa;;Critically Endangered;Unknown;http://www.iucnredlist.org/apps/redlist/details/61217/0
Euproctus platycephalus;Sardinian Brook Salamander;Endangered;Decreasing;http://www.iucnredlist.org/apps/redlist/details/8371/0
Chalcides parallelus;;Endangered;Decreasing;http://www.iucnredlist.org/apps/redlist/details/61484/0
Squalius torgalensis;;Endangered;Unknown;http://www.iucnredlist.org/apps/redlist/details/60857/0
Bythinella eutrepha;;Critically Endangered;Unknown;http://www.iucnredlist.org/apps/redlist/details/155832/0
Cerastium sventenii;;Endangered;Decreasing;http://www.iucnredlist.org/apps/redlist/details/61635/0
Equus ferus;Asiatic Wild Ass;Endangered;Decreasing;http://www.iucnredlist.org/apps/redlist/details/7951/0
Lynx pardinus;Iberian Lynx;Critically Endangered;Decreasing;http://www.iucnredlist.org/apps/redlist/details/12520/0
Narcissus longispathus;;Endangered;Decreasing;http://www.iucnredlist.org/apps/redlist/details/61602/0
Graziana cezairensis;;Endangered;Unknown;http://www.iucnredlist.org/apps/redlist/details/156101/0
Chalcides simonyi;;Endangered;Decreasing;http://www.iucnredlist.org/apps/redlist/details/61488/0
Hieracium lucidum;;Critically Endangered;Unknown;http://www.iucnredlist.org/apps/redlist/details/61624/0
Economidichthys trichonis;Nanogoviós;Endangered;Unknown;http://www.iucnredlist.org/apps/redlist/details/7021/0
Columba junoniae;White-tailed Laurel Pigeon;Endangered;Decreasing;http://www.iucnredlist.org/apps/redlist/details/143449/0
Petagnaea gussonei;;Endangered;Decreasing;http://www.iucnredlist.org/apps/redlist/details/61616/0
Monachus monachus;Mediterranean Monk Seal;Critically Endangered;Decreasing;http://www.iucnredlist.org/apps/redlist/details/13653/0
Margaritifera auricularia;Spengler's Freshwater Mussel;Critically Endangered;Decreasing;http://www.iucnredlist.org/apps/redlist/details/12798/0
Balaenoptera physalus;Fin Whale;Endangered;Unknown;http://www.iucnredlist.org/apps/redlist/details/2478/0
Alburnus vistonicus;Vistonis Shemaja;Critically Endangered;Unknown;http://www.iucnredlist.org/apps/redlist/details/135503/0
Limoniscus violaceus;;Endangered;Unknown;http://www.iucnredlist.org/apps/redlist/details/157572/0
Anaecypris hispanica;;Endangered;Decreasing;http://www.iucnredlist.org/apps/redlist/details/1199/0
Salvelinus obtusus;;Critically Endangered;Unknown;http://www.iucnredlist.org/apps/redlist/details/135422/0
Hauffenia nesemanni;;Endangered;Unknown;http://www.iucnredlist.org/apps/redlist/details/164850/0
Phoxinus strymonicus;Aegean Minnow;Endangered;Unknown;http://www.iucnredlist.org/apps/redlist/details/135718/0
Pieris cheiranthi;Canary Islands Large White;Endangered;Decreasing;http://www.iucnredlist.org/apps/redlist/details/39484/0
Cobitis hellenica;;Endangered;Unknown;http://www.iucnredlist.org/apps/redlist/details/5032/0
Parachondrostoma arrigonis;;Critically Endangered;Decreasing;http://www.iucnredlist.org/apps/redlist/details/61363/0
Bythinella viridis;;Endangered;Unknown;http://www.iucnredlist.org/apps/redlist/details/189707/0
Bythiospeum noricum;;Endangered;Unknown;http://www.iucnredlist.org/apps/redlist/details/3406/0
Eubalaena glacialis;North Atlantic Right Whale;Endangered;Unknown;http://www.iucnredlist.org/apps/redlist/details/41712/0
Graziana trinitatis;;Endangered;Unknown;http://www.iucnredlist.org/apps/redlist/details/155926/0
Consolida samia;;Critically Endangered;Unknown;http://www.iucnredlist.org/apps/redlist/details/61673/0
Bythiospeum klemmi;;Endangered;Unknown;http://www.iucnredlist.org/apps/redlist/details/18444/0
Polyommatus humedasae;Piedmont Anomalous Blue;Endangered;Decreasing;http://www.iucnredlist.org/apps/redlist/details/17941/0
Melanopsis etrusca;;Endangered;Decreasing;http://www.iucnredlist.org/apps/redlist/details/40077/0
Plebejus zullichi;Zullich´s Blue;Endangered;Decreasing;http://www.iucnredlist.org/apps/redlist/details/701/0
Silene gazulensis;;Critically Endangered;Decreasing;http://www.iucnredlist.org/apps/redlist/details/61642/0
Valencia hispanica;Valencia Toothcarp;Critically Endangered;Decreasing;http://www.iucnredlist.org/apps/redlist/details/22829/0
Alburnus schischkovi;Resowska Shemaja;Endangered;Unknown;http://www.iucnredlist.org/apps/redlist/details/135594/0
Bythinella gloeeri;;Critically Endangered;Unknown;http://www.iucnredlist.org/apps/redlist/details/172035/0
Bythiospeum nocki;;Endangered;Unknown;http://www.iucnredlist.org/apps/redlist/details/156049/0
Pyrrhosoma elisabethae;Greek Red Damsel;Critically Endangered;Decreasing;http://www.iucnredlist.org/apps/redlist/details/60274/0
Belgrandiella austriana;;Critically Endangered;Decreasing;http://www.iucnredlist.org/apps/redlist/details/2725/0
Allium rouyi;;Critically Endangered;Decreasing;http://www.iucnredlist.org/apps/redlist/details/61599/0
Belgrandiella wawrai;;Endangered;Decreasing;http://www.iucnredlist.org/apps/redlist/details/2737/0
Saxifraga tombeanensis;;Endangered;Decreasing;http://www.iucnredlist.org/apps/redlist/details/161993/0
Pseudosphegesthes bergeri;;Endangered;Unknown;http://www.iucnredlist.org/apps/redlist/details/157538/0
Podarcis lilfordi;Lilford's Wall Lizard;Endangered;Decreasing;http://www.iucnredlist.org/apps/redlist/details/17795/0
Gallotia simonyi;El Hierro Giant Lizard;Critically Endangered;Stable;http://www.iucnredlist.org/apps/redlist/details/8881/0
Raja undulata;Undulate Ray;Endangered;Decreasing;http://www.iucnredlist.org/apps/redlist/details/161425/0
anguilla anguilla;European Eel;Critically Endangered;Decreasing;http://www.iucnredlist.org/apps/redlist/details/60344/0
Algyroides marchi;Spanish Algyroides;Endangered;Decreasing;http://www.iucnredlist.org/apps/redlist/details/840/0
Cheirolophus crassifolius;Maltese Centaury;Critically Endangered;Decreasing;http://www.iucnredlist.org/apps/redlist/details/61621/0
Senecio alboranicus;;Critically Endangered;Unknown;http://www.iucnredlist.org/apps/redlist/details/61626/0
Aphanius iberus;Spanish Toothcarp;Endangered;Decreasing;http://www.iucnredlist.org/apps/redlist/details/1846/0
Isotomus jarmilae;;Endangered;Unknown;http://www.iucnredlist.org/apps/redlist/details/157864/0
Saponaria jagelii;;Critically Endangered;Decreasing;http://www.iucnredlist.org/apps/redlist/details/61639/0
Salvelinus willoughbii;;Endangered;Unknown;http://www.iucnredlist.org/apps/redlist/details/135427/0
Belgrandiella kreisslorum;;Critically Endangered;Unknown;http://www.iucnredlist.org/apps/redlist/details/155661/0
Dipturus batis;Blue Skate;Critically Endangered;Decreasing;http://www.iucnredlist.org/apps/redlist/details/39397/0
Echium handiense;;Critically Endangered;Stable;http://www.iucnredlist.org/apps/redlist/details/61658/0
Rhinobatos rhinobatos;Common Guitarfish;Endangered;Decreasing;http://www.iucnredlist.org/apps/redlist/details/63131/0
Achondrostoma occidentale;Western Ruivaco;Endangered;Unknown;http://www.iucnredlist.org/apps/redlist/details/135683/0
Bythiospeum dubium;;Critically Endangered;Decreasing;http://www.iucnredlist.org/apps/redlist/details/155810/0
Hauffenia wienerwaldensis;;Endangered;Unknown;http://www.iucnredlist.org/apps/redlist/details/9746/0
Telestes beoticus;Paskóviza;Endangered;Decreasing;http://www.iucnredlist.org/apps/redlist/details/60635/0
Belgrandiella aulaei;;Endangered;Unknown;http://www.iucnredlist.org/apps/redlist/details/156129/0
Salaria economidisi;;Critically Endangered;Unknown;http://www.iucnredlist.org/apps/redlist/details/61353/0
Coregonus vandesius;Vendace;Endangered;Unknown;http://www.iucnredlist.org/apps/redlist/details/135640/0
Bythinella lunzensis;;Critically Endangered;Unknown;http://www.iucnredlist.org/apps/redlist/details/171967/0
Numenius tenuirostris;Slender-billed Curlew;Critically Endangered;;http://www.iucnredlist.org/apps/redlist/details/143992/0
Belgrandiella ganslmayri;;Critically Endangered;Decreasing;http://www.iucnredlist.org/apps/redlist/details/2732/0
Henrigirardia wienini;;Critically Endangered;Unknown;http://www.iucnredlist.org/apps/redlist/details/156028/0
Puffinus mauretanicus;Balearic Shearwater;Critically Endangered;;http://www.iucnredlist.org/apps/redlist/details/150509/0
Plagigeyeria deformata;;Endangered;Unknown;http://www.iucnredlist.org/apps/redlist/details/155340/0
Salmo peristericus;;Endangered;Stable;http://www.iucnredlist.org/apps/redlist/details/61231/0
Erioderma pedicellatum;Boreal Felt Lichen;Critically Endangered;Decreasing;http://www.iucnredlist.org/apps/redlist/details/43995/0
Ropalopus ungaricus;;Endangered;Decreasing;http://www.iucnredlist.org/apps/redlist/details/157487/0
Plecotus teneriffae;Canary Big-eared Bat;Endangered;Decreasing;http://www.iucnredlist.org/apps/redlist/details/17602/0
Acipenser naccarii;Adriatic Sturgeon;Critically Endangered;Decreasing;http://www.iucnredlist.org/apps/redlist/details/224/0
Gallotia auaritae;La Palma Giant Lizard;Critically Endangered;Unknown;http://www.iucnredlist.org/apps/redlist/details/61501/0
Romanichthys valsanicola;Asprete;Critically Endangered;Unknown;http://www.iucnredlist.org/apps/redlist/details/19740/0
Rostroraja alba;Bottlenose Skate;Endangered;Decreasing;http://www.iucnredlist.org/apps/redlist/details/61408/0
Bythiospeum wiaaiglica;;Critically Endangered;Unknown;http://www.iucnredlist.org/apps/redlist/details/164845/0
Gyrocaryum oppositifolium;;Critically Endangered;Decreasing;http://www.iucnredlist.org/apps/redlist/details/61661/0
Iglica gratulabunda;;Critically Endangered;Unknown;http://www.iucnredlist.org/apps/redlist/details/10798/0
Rutilus meidingeri;;Endangered;Decreasing;http://www.iucnredlist.org/apps/redlist/details/40705/0
Helichrysum melitense;Maltese Everlasting;Critically Endangered;Decreasing;http://www.iucnredlist.org/apps/redlist/details/61623/0
Leucoraja melitensis;Maltese Skate Or Ray;Critically Endangered;Decreasing;http://www.iucnredlist.org/apps/redlist/details/61405/0
Calendula maritima;Sea Marigold;Critically Endangered;Unknown;http://www.iucnredlist.org/apps/redlist/details/61618/0
Antirrhinum subbaeticum;;Endangered;Decreasing;http://www.iucnredlist.org/apps/redlist/details/61676/0
Centranthus amazonum;;Critically Endangered;Unknown;http://www.iucnredlist.org/apps/redlist/details/61647/0
Genista ancistrocarpa;;Endangered;Decreasing;http://www.iucnredlist.org/apps/redlist/details/164383/0
Horstrissea dolinicola;;Critically Endangered;Decreasing;http://www.iucnredlist.org/apps/redlist/details/61613/0
Iberocypris palaciosi;;Critically Endangered;Unknown;http://www.iucnredlist.org/apps/redlist/details/60375/0
Apium bermejoi;;Critically Endangered;Decreasing;http://www.iucnredlist.org/apps/redlist/details/61608/0
Squalius malacitanus;;Endangered;Decreasing;http://www.iucnredlist.org/apps/redlist/details/135649/0
Sardohoratia islamioides;;Endangered;Decreasing;http://www.iucnredlist.org/apps/redlist/details/155651/0
Bythiospeum elseri;;Endangered;Unknown;http://www.iucnredlist.org/apps/redlist/details/3404/0
Iberolacerta aurelioi;Aurelio's Rock Lizard;Endangered;Decreasing;http://www.iucnredlist.org/apps/redlist/details/61513/0
Horatia lucidulus;;Critically Endangered;Unknown;http://www.iucnredlist.org/apps/redlist/details/155497/0
Crocidura canariensis;Canarian Shrew;Endangered;Decreasing;http://www.iucnredlist.org/apps/redlist/details/5560/0
Bombina pachypus;Appenine Yellow-bellied Toad;Endangered;Decreasing;http://www.iucnredlist.org/apps/redlist/details/54450/0
Prespolitorea valvataeformis;;Critically Endangered;Unknown;http://www.iucnredlist.org/apps/redlist/details/155739/0
Belgrandia bonelliana;;Critically Endangered;Unknown;http://www.iucnredlist.org/apps/redlist/details/156090/0
Alburnus mandrensis;Mandras Shemaya;Critically Endangered;Unknown;http://www.iucnredlist.org/apps/redlist/details/135598/0
Podarcis raffonei;Aeolian Wall Lizard;Critically Endangered;Decreasing;http://www.iucnredlist.org/apps/redlist/details/61552/0
Pararge xiphia;Madeiran Speckled Wood;Endangered;Decreasing;http://www.iucnredlist.org/apps/redlist/details/173215/0
Convolvulus argyrothamnos;;Critically Endangered;Decreasing;http://www.iucnredlist.org/apps/redlist/details/61677/0
Calotriton arnoldi;;Critically Endangered;Decreasing;http://www.iucnredlist.org/apps/redlist/details/136131/0
Microtus bavaricus;Bavarian Pine Vole;Critically Endangered;Decreasing;http://www.iucnredlist.org/apps/redlist/details/13461/0
Belgrandia conoidea;;Endangered;Unknown;http://www.iucnredlist.org/apps/redlist/details/156147/0
Belgrandiella styriaca;;Critically Endangered;Decreasing;http://www.iucnredlist.org/apps/redlist/details/2729/0
Balaenoptera borealis;Sei Whale;Endangered;Unknown;http://www.iucnredlist.org/apps/redlist/details/2475/0
Cottus rondeleti;Hérault Sculpin;Critically Endangered;Unknown;http://www.iucnredlist.org/apps/redlist/details/135648/0
Bythinella markovi;;Critically Endangered;Decreasing;http://www.iucnredlist.org/apps/redlist/details/172039/0
Gallotia intermedia;Tenerife Speckled Lizard;Critically Endangered;Increasing;http://www.iucnredlist.org/apps/redlist/details/61505/0
Mercuria vindilica;;Endangered;Decreasing;http://www.iucnredlist.org/apps/redlist/details/155906/0
Cobitis trichonica;;Endangered;Unknown;http://www.iucnredlist.org/apps/redlist/details/5038/0
Phoxinus strandjae;Strandzha Minnow;Endangered;Unknown;http://www.iucnredlist.org/apps/redlist/details/135585/0
Anapistula ataecina;;Critically Endangered;Decreasing;http://www.iucnredlist.org/apps/redlist/details/176265/0
Osmoderma lassallei;;Endangered;Decreasing;http://www.iucnredlist.org/apps/redlist/details/157575/0
Knipowitschia thessala;Thessalogovinós;Endangered;Unknown;http://www.iucnredlist.org/apps/redlist/details/11027/0
Squatina aculeata;Monkfish;Critically Endangered;Decreasing;http://www.iucnredlist.org/apps/redlist/details/61417/0
Crotchiella brachyptera;;Endangered;Unknown;http://www.iucnredlist.org/apps/redlist/details/157511/0
Succisella andreae-molinae;;Endangered;Decreasing;http://www.iucnredlist.org/apps/redlist/details/61646/0
Pezzolia radapalladis;;Endangered;Unknown;http://www.iucnredlist.org/apps/redlist/details/155483/0
Pipistrellus maderensis;Madeira Pipistrelle;Endangered;Decreasing;http://www.iucnredlist.org/apps/redlist/details/17315/0
Squatina squatina;Angel Shark;Critically Endangered;Decreasing;http://www.iucnredlist.org/apps/redlist/details/39332/0
Rhynchospora modesti-lucennoi;;Endangered;Decreasing;http://www.iucnredlist.org/apps/redlist/details/164415/0
Squalius moreoticus;Stymphalia Chub;Endangered;Unknown;http://www.iucnredlist.org/apps/redlist/details/135568/0
Osmoderma italica;Hermit Beetle;Near Threatened;Decreasing;http://www.iucnredlist.org/apps/redlist/details/15632/0
Aphanius baeticus;;Endangered;Decreasing;http://www.iucnredlist.org/apps/redlist/details/61235/0
Oxyura leucocephala;White-headed Duck;Endangered;Decreasing;http://www.iucnredlist.org/apps/redlist/details/141428/0
Abies nebrodensis;Sicilian Fir;Critically Endangered;Unknown;http://www.iucnredlist.org/apps/redlist/details/30478/0
Barbus caninus;Brook Barbel;Endangered;Decreasing;http://www.iucnredlist.org/apps/redlist/details/2592/0
Belgrandia moitessieri;;Critically Endangered;Unknown;http://www.iucnredlist.org/apps/redlist/details/155705/0
Polygala helenae;;Critically Endangered;Unknown;http://www.iucnredlist.org/apps/redlist/details/61668/0
Weissia multicapsularis;;Critically Endangered;Decreasing;http://www.iucnredlist.org/apps/redlist/details/133733/0
Naufraga balearica;;Critically Endangered;Decreasing;http://www.iucnredlist.org/apps/redlist/details/61615/0
Pilularia minuta;;Endangered;Decreasing;http://www.iucnredlist.org/apps/redlist/details/164187/0
Brimeura duvigneaudii;;Critically Endangered;Decreasing;http://www.iucnredlist.org/apps/redlist/details/61606/0
Paladilhia gloeeri;;Endangered;Unknown;http://www.iucnredlist.org/apps/redlist/details/155881/0
Coregonus trybomi;;Critically Endangered;Decreasing;http://www.iucnredlist.org/apps/redlist/details/5383/0
Pieris wollastoni;Madeiran Large White;Critically Endangered;Unknown;http://www.iucnredlist.org/apps/redlist/details/39483/0
Cobitis stephanidisi;;Critically Endangered;Unknown;http://www.iucnredlist.org/apps/redlist/details/5030/0
Pleurotus nebrodensis;White Ferula Mushroom;Critically Endangered;Decreasing;http://www.iucnredlist.org/apps/redlist/details/61597/0
Minuartia dirphya;;Critically Endangered;Decreasing;http://www.iucnredlist.org/apps/redlist/details/61636/0
Coregonus bavaricus;Ammersee Kilch;Critically Endangered;Unknown;http://www.iucnredlist.org/apps/redlist/details/135698/0
Iberochondrostoma lusitanicus;;Critically Endangered;Decreasing;http://www.iucnredlist.org/apps/redlist/details/60791/0
Anthemis glaberrima;;Critically Endangered;Decreasing;http://www.iucnredlist.org/apps/redlist/details/61617/0
Cobitis calderoni;;Endangered;Decreasing;http://www.iucnredlist.org/apps/redlist/details/5027/0
Iberolacerta aranica;Aran Rock Lizard;Endangered;Decreasing;http://www.iucnredlist.org/apps/redlist/details/61512/0
Parachondrostoma turiense;;Endangered;Decreasing;http://www.iucnredlist.org/apps/redlist/details/60827/0
Lithodora nitida;;Endangered;Decreasing;http://www.iucnredlist.org/apps/redlist/details/61662/0
Bythinella carinulata;;Endangered;Unknown;http://www.iucnredlist.org/apps/redlist/details/3385/0
Pyrrhula murina;Azores Bullfinch;Endangered;;http://www.iucnredlist.org/apps/redlist/details/149596/0
Centaurea gymnocarpa;;Endangered;Unknown;http://www.iucnredlist.org/apps/redlist/details/61620/0
Acipenser gueldenstaedtii;Russian Sturgeon;Endangered;;http://www.iucnredlist.org/apps/redlist/details/247/0
Ribes sardoum;Sardinian Currant;Critically Endangered;Decreasing;http://www.iucnredlist.org/apps/redlist/details/61675/0
Anaglyptus praecellens;;Endangered;Decreasing;http://www.iucnredlist.org/apps/redlist/details/157893/0
Jasione mansanetiana;;Endangered;Unknown;http://www.iucnredlist.org/apps/redlist/details/61627/0
Barbus euboicus;Petropsaro;Critically Endangered;Stable;http://www.iucnredlist.org/apps/redlist/details/2576/0
Kerkia kusceri;;Critically Endangered;Unknown;http://www.iucnredlist.org/apps/redlist/details/156118/0
Cobitis arachthosensis;;Endangered;Unknown;http://www.iucnredlist.org/apps/redlist/details/61290/0
Bythiospeum tschapecki;;Critically Endangered;Unknown;http://www.iucnredlist.org/apps/redlist/details/3411/0
Narcissus bugei;;Endangered;Unknown;http://www.iucnredlist.org/apps/redlist/details/61601/0
Pelasgus prespensis;;Endangered;Decreasing;http://www.iucnredlist.org/apps/redlist/details/61259/0
Medicago citrina;;Critically Endangered;Decreasing;http://www.iucnredlist.org/apps/redlist/details/61653/0
Squalius lucumonis;;Endangered;Decreasing;http://www.iucnredlist.org/apps/redlist/details/60828/0
Iberochondrostoma almacai;Mira Pardelha;Critically Endangered;Decreasing;http://www.iucnredlist.org/apps/redlist/details/135497/0
Hucho hucho;Danube Salmon;Endangered;Unknown;http://www.iucnredlist.org/apps/redlist/details/10264/0
Numenius borealis;Eskimo Curlew;Critically Endangered;;http://www.iucnredlist.org/apps/redlist/details/143989/0
Anchusa crispa;;Critically Endangered;Decreasing;http://www.iucnredlist.org/apps/redlist/details/61654/0
Parabythinella malaprespensis;;Critically Endangered;Unknown;http://www.iucnredlist.org/apps/redlist/details/155626/0
Anguilla anguilla;European Eel;Critically Endangered;Decreasing;http://www.iucnredlist.org/apps/redlist/details/60344/0
Mobula mobular;Giant Devilray;Endangered;Decreasing;http://www.iucnredlist.org/apps/redlist/details/39418/0
Valencia letourneuxi;;Critically Endangered;Decreasing;http://www.iucnredlist.org/apps/redlist/details/22830/0
Pisidium maasseni;;Endangered;Unknown;http://www.iucnredlist.org/apps/redlist/details/155655/0
Sisymbrella dentata;;Endangered;Stable;http://www.iucnredlist.org/apps/redlist/details/164363/0
Heleobia foxianensis;;Endangered;Decreasing;http://www.iucnredlist.org/apps/redlist/details/155527/0
Trichoferus bergeri;;Endangered;Unknown;http://www.iucnredlist.org/apps/redlist/details/157771/0
Alzoniella delmastroi;;Endangered;Unknown;http://www.iucnredlist.org/apps/redlist/details/164864/0
Grossuana thracica;;Critically Endangered;Unknown;http://www.iucnredlist.org/apps/redlist/details/172038/0
Scardinius racovitzai;;Critically Endangered;Unknown;http://www.iucnredlist.org/apps/redlist/details/19948/0
Bythinella cylindrica;;Critically Endangered;Decreasing;http://www.iucnredlist.org/apps/redlist/details/3393/0
Silene diclinis;;Endangered;Decreasing;http://www.iucnredlist.org/apps/redlist/details/61640/0
Knipowitschia milleri;;Critically Endangered;Decreasing;http://www.iucnredlist.org/apps/redlist/details/11029/0
Coregonus pennantii;Gwyniad;Critically Endangered;Unknown;http://www.iucnredlist.org/apps/redlist/details/135518/0
Romanogobio benacensis;;Endangered;Decreasing;http://www.iucnredlist.org/apps/redlist/details/61343/0
Coregonus hoferi;Schwebrenke;Critically Endangered;Unknown;http://www.iucnredlist.org/apps/redlist/details/135529/0
Silene sennenii;;Endangered;Decreasing;http://www.iucnredlist.org/apps/redlist/details/61644/0
Rutilus ylikiensis;;Endangered;Decreasing;http://www.iucnredlist.org/apps/redlist/details/19788/0
Ampedus quadrisignatus;;Endangered;Decreasing;http://www.iucnredlist.org/apps/redlist/details/157547/0
Salvelinus lonsdalii;;Critically Endangered;Unknown;http://www.iucnredlist.org/apps/redlist/details/135417/0
Nyctalus azoreum;Azorean Bat;Endangered;Decreasing;http://www.iucnredlist.org/apps/redlist/details/14922/0
Aquilegia nuragica;Nuragica Columbine;Critically Endangered;Decreasing;http://www.iucnredlist.org/apps/redlist/details/61672/0
Echium acanthocarpum;;Critically Endangered;Decreasing;http://www.iucnredlist.org/apps/redlist/details/61655/0
Belgrandiella multiformis;;Critically Endangered;Decreasing;http://www.iucnredlist.org/apps/redlist/details/156174/0
Pristis perotteti;Largetooth Sawfish;Critically Endangered;Decreasing;http://www.iucnredlist.org/apps/redlist/details/18176/0
Aethionema retsina;;Critically Endangered;Unknown;http://www.iucnredlist.org/apps/redlist/details/61628/0
Limonium strictissimum;;Critically Endangered;Decreasing;http://www.iucnredlist.org/apps/redlist/details/61667/0
Boyeria cretensis;Cretan Spectre;Endangered;Decreasing;http://www.iucnredlist.org/apps/redlist/details/60307/0
Pelasgus epiroticus;;Critically Endangered;Unknown;http://www.iucnredlist.org/apps/redlist/details/61256/0
Podarcis carbonelli;;Endangered;Decreasing;http://www.iucnredlist.org/apps/redlist/details/61545/0
Hauffenia kerschneri;;Vulnerable;Decreasing;http://www.iucnredlist.org/apps/redlist/details/12245/0
Astragalus cavanillesii;;Critically Endangered;Decreasing;http://www.iucnredlist.org/apps/redlist/details/61650/0
Speleomantes supramontis;Supramonte Cave Salamander;Endangered;Decreasing;http://www.iucnredlist.org/apps/redlist/details/20459/0
Huso huso;Beluga;Endangered;;http://www.iucnredlist.org/apps/redlist/details/10271/0
Squalius keadicus;;Endangered;Decreasing;http://www.iucnredlist.org/apps/redlist/details/60738/0
Luciobarbus graecus;;Endangered;Unknown;http://www.iucnredlist.org/apps/redlist/details/60805/0
Biscutella rotgesii;;Critically Endangered;Decreasing;http://www.iucnredlist.org/apps/redlist/details/61630/0
Femeniasia balearica;;Critically Endangered;Decreasing;http://www.iucnredlist.org/apps/redlist/details/61622/0
Prespolitorea malaprespensis;;Critically Endangered;Unknown;http://www.iucnredlist.org/apps/redlist/details/155607/0
Bythiospeum cisterciensorum;;Critically Endangered;Decreasing;http://www.iucnredlist.org/apps/redlist/details/3403/0
Centranthus trinervis;;Critically Endangered;Unknown;http://www.iucnredlist.org/apps/redlist/details/61648/0
Belgrandiella boetersi;;Critically Endangered;Unknown;http://www.iucnredlist.org/apps/redlist/details/155972/0
Alburnus volviticus;Yalartza;Endangered;Decreasing;http://www.iucnredlist.org/apps/redlist/details/135641/0
Belgrandiella bachkovoensis;;Critically Endangered;Unknown;http://www.iucnredlist.org/apps/redlist/details/172032/0
Salenthydrobia ferrerii;;Endangered;Unknown;http://www.iucnredlist.org/apps/redlist/details/155788/0
Arenaria bolosii;;Critically Endangered;Decreasing;http://www.iucnredlist.org/apps/redlist/details/61633/0
Bupleurum kakiskalae;;Critically Endangered;Decreasing;http://www.iucnredlist.org/apps/redlist/details/61611/0
Bythiospeum pfeifferi;;Critically Endangered;Unknown;http://www.iucnredlist.org/apps/redlist/details/3410/0
Bupleurum dianthifolium;;Critically Endangered;Unknown;http://www.iucnredlist.org/apps/redlist/details/61609/0
Narcissus alcaracensis;;Endangered;Decreasing;http://www.iucnredlist.org/apps/redlist/details/61600/0
Acipenser nudiventris;Ship Sturgeon;Endangered;;http://www.iucnredlist.org/apps/redlist/details/249/0
Belgrandia varica;;Critically Endangered;Unknown;http://www.iucnredlist.org/apps/redlist/details/155668/0
Cremnophyton lanfrancoi;Maltase Cliff-orache;Critically Endangered;Decreasing;http://www.iucnredlist.org/apps/redlist/details/61645/0
Buprestis splendens;Goldstreifiger;Endangered;Decreasing;http://www.iucnredlist.org/apps/redlist/details/3334/0
Squatina oculata;Monkfish;Critically Endangered;Decreasing;http://www.iucnredlist.org/apps/redlist/details/61418/0
Mercuria meridionalis;;Endangered;Unknown;http://www.iucnredlist.org/apps/redlist/details/155991/0
Sardohoratia sulcata;;Critically Endangered;Unknown;http://www.iucnredlist.org/apps/redlist/details/155556/0
Sphyrna mokarran;Great Hammerhead;Endangered;Decreasing;http://www.iucnredlist.org/apps/redlist/details/39386/0
Coregonus stigmaticus;Schelly;Endangered;Unknown;http://www.iucnredlist.org/apps/redlist/details/135701/0
Limonium legrandii;;Endangered;Decreasing;http://www.iucnredlist.org/apps/redlist/details/173392/0
Iberolacerta martinezricai;;Critically Endangered;Decreasing;http://www.iucnredlist.org/apps/redlist/details/61516/0
Aphanius almiriensis;Almiri Toothcarp;Critically Endangered;Decreasing;http://www.iucnredlist.org/apps/redlist/details/135600/0
Coregonus pollan;Pollan;Endangered;Unknown;http://www.iucnredlist.org/apps/redlist/details/135704/0
Stenopterus creticus;;Endangered;Unknown;http://www.iucnredlist.org/apps/redlist/details/157798/0
Mercuria sarahae;;Critically Endangered;Decreasing;http://www.iucnredlist.org/apps/redlist/details/155775/0
Pungitius hellenicus;Ellinopygósteos;Critically Endangered;Decreasing;http://www.iucnredlist.org/apps/redlist/details/18875/0
Leipaspis pinicola;;Endangered;Unknown;http://www.iucnredlist.org/apps/redlist/details/157579/0
Zelkova sicula;;Critically Endangered;Decreasing;http://www.iucnredlist.org/apps/redlist/details/61678/0
Acipenser sturio;Atlantic sturgeon;Critically Endangered;Decreasing;http://www.iucnredlist.org/apps/redlist/details/230/0
Alburnus macedonicus;Doiran Bleak;Critically Endangered;Decreasing;http://www.iucnredlist.org/apps/redlist/details/135620/0
Silene fernandezii;;Endangered;Decreasing;http://www.iucnredlist.org/apps/redlist/details/61641/0
Moehringia fontqueri;;Endangered;Stable;http://www.iucnredlist.org/apps/redlist/details/61637/0
Austropotamobius pallipes;Atlantic Stream Crayfish;Endangered;Decreasing;http://www.iucnredlist.org/apps/redlist/details/2430/0
Ligusticum huteri;;Critically Endangered;Decreasing;http://www.iucnredlist.org/apps/redlist/details/61614/0
Knipowitschia cameliae;Danube Delta Dwarf Goby;Critically Endangered;Unknown;http://www.iucnredlist.org/apps/redlist/details/135504/0
Osmoderma cristinae;;Endangered;Decreasing;http://www.iucnredlist.org/apps/redlist/details/157875/0
Euphorbia margalidiana;;Critically Endangered;Decreasing;http://www.iucnredlist.org/apps/redlist/details/61649/0
Chondrostoma soetta;Italian Nase;Endangered;Decreasing;http://www.iucnredlist.org/apps/redlist/details/4794/0
Echium valentinum;;Endangered;Decreasing;http://www.iucnredlist.org/apps/redlist/details/61660/0
Salmo carpio;Carpione Del Garda;Critically Endangered;Decreasing;http://www.iucnredlist.org/apps/redlist/details/19856/0
Eudontomyzon hellenicus;Greek Brook Lamprey;Critically Endangered;Unknown;http://www.iucnredlist.org/apps/redlist/details/61198/0
Zingel asper;Apron;Critically Endangered;Decreasing;http://www.iucnredlist.org/apps/redlist/details/23207/0
Podarcis cretensis;;Endangered;Decreasing;http://www.iucnredlist.org/apps/redlist/details/157252/0
Diplotaxis siettiana;;Critically Endangered;Unknown;http://www.iucnredlist.org/apps/redlist/details/61631/0
Scardinius graecus;Greek Rudd;Critically Endangered;Decreasing;http://www.iucnredlist.org/apps/redlist/details/19947/0
Gonepteryx maderensis;Madeiran Brimstone;Endangered;Decreasing;http://www.iucnredlist.org/apps/redlist/details/39485/0
Pelophylax cretensis;Cretan Frog;Endangered;Decreasing;http://www.iucnredlist.org/apps/redlist/details/58581/0
Alosa vistonica;;Critically Endangered;Unknown;http://www.iucnredlist.org/apps/redlist/details/61393/0
Armeria helodes;;Critically Endangered;Decreasing;http://www.iucnredlist.org/apps/redlist/details/162344/0
Belgrandiella pelerei;;Critically Endangered;Decreasing;http://www.iucnredlist.org/apps/redlist/details/2735/0
Belgrandiella mimula;;Critically Endangered;Decreasing;http://www.iucnredlist.org/apps/redlist/details/2734/0
Balaenoptera musculus;Antarctic Blue Whale;Critically Endangered;Increasing;http://www.iucnredlist.org/apps/redlist/details/41713/0
Saxicola dacotiae;Fuerteventura Stonechat;Endangered;;http://www.iucnredlist.org/apps/redlist/details/147526/0
Helianthemum guerrae;;Endangered;Decreasing;http://www.iucnredlist.org/apps/redlist/details/61680/0
Solenanthus reverchonii;;Critically Endangered;Decreasing;http://www.iucnredlist.org/apps/redlist/details/61664/0
Iberochondrostoma oretanum;;Critically Endangered;Decreasing;http://www.iucnredlist.org/apps/redlist/details/60343/0
Pterodroma madeira;Zino's Petrel;Endangered;;http://www.iucnredlist.org/apps/redlist/details/144855/0
Neophron percnopterus;Egyptian Vulture;Endangered;Decreasing;http://www.iucnredlist.org/apps/redlist/details/144347/0
Pyrgohydrobia prespaensis;;Endangered;Unknown;http://www.iucnredlist.org/apps/redlist/details/156188/0
Alosa killarnensis;Goureen;Critically Endangered;Decreasing;http://www.iucnredlist.org/apps/redlist/details/135582/0
Viola ucriana;;Critically Endangered;Decreasing;http://www.iucnredlist.org/apps/redlist/details/61681/0
Rhinobatos cemiculus;Blackchin Guitarfish;Endangered;Decreasing;http://www.iucnredlist.org/apps/redlist/details/63132/0
