AT_2010;Austropotamobius pallipes;Belgrandiella boetersi ;Belgrandiella kreisslorum ;Belgrandiella mimula ;Belgrandiella wawrai ;Bythinella cylindrica ;Bythinella lunzensis ;Bythiospeum bormanni ;Bythiospeum cisterciensorum ;Bythiospeum elseri ;Bythiospeum noki;Bythiospeum noricum;Bythiospeum pfeifferi;Bythiospeum tschapecki;Bythiospeum wiaaiglica;Hauffenia kerschneri ;Hauffenia nesemanni;Hauffenia wienerwaldensis;;;;;;;;;;;;;;;;;;;;;;;;;;;;;
AT_2009;Acipenser gueldenstaedtii;Ampedus quadrisignatus;Belgradiella aulaei;Belgradiella austriana;Belgradiella ganslmyri;Belgradiella multiformis;Belgradiella parreyssii;Belgradiella pelerei;Belgradiella styriaca;Buprestis splendens;Huso huso;Iglica gratalabunda;Limoniscus violaceus;Ropalopus ungaricus;;;;;;;;;;;;;;;;;;;;;;;;;;;;;;;;;
AT_2008;Anguilla anguilla;Branta ruficollis;Hucho hucho;Microtus bavaricus;Mustela lutreola;Rutilus meidingeri;;;;;;;;;;;;;;;;;;;;;;;;;;;;;;;;;;;;;;;;;
AT_2007;-;;;;;;;;;;;;;;;;;;;;;;;;;;;;;;;;;;;;;;;;;;;;;;
AT_2006;-;;;;;;;;;;;;;;;;;;;;;;;;;;;;;;;;;;;;;;;;;;;;;;
AT_2005;-;;;;;;;;;;;;;;;;;;;;;;;;;;;;;;;;;;;;;;;;;;;;;;
AT_2004;-;;;;;;;;;;;;;;;;;;;;;;;;;;;;;;;;;;;;;;;;;;;;;;
AT_2003;-;;;;;;;;;;;;;;;;;;;;;;;;;;;;;;;;;;;;;;;;;;;;;;
BE_2010;Margaritifera auricularia;;;;;;;;;;;;;;;;;;;;;;;;;;;;;;;;;;;;;;;;;;;;;;
BE_2009;Acipenser sturio;;;;;;;;;;;;;;;;;;;;;;;;;;;;;;;;;;;;;;;;;;;;;;
BE_2008;Anguilla anguilla;Balaenoptera physalus;Eubalaena glacialis;;;;;;;;;;;;;;;;;;;;;;;;;;;;;;;;;;;;;;;;;;;;
BE_2007;-;;;;;;;;;;;;;;;;;;;;;;;;;;;;;;;;;;;;;;;;;;;;;;
BE_2006;Dipturus batis;Squatina squatina;;;;;;;;;;;;;;;;;;;;;;;;;;;;;;;;;;;;;;;;;;;;;
BE_2005;-;;;;;;;;;;;;;;;;;;;;;;;;;;;;;;;;;;;;;;;;;;;;;;
BE_2004;-;;;;;;;;;;;;;;;;;;;;;;;;;;;;;;;;;;;;;;;;;;;;;;
BE_2003;-;;;;;;;;;;;;;;;;;;;;;;;;;;;;;;;;;;;;;;;;;;;;;;
BG_2010;Numenius tenuirostris;;;;;;;;;;;;;;;;;;;;;;;;;;;;;;;;;;;;;;;;;;;;;;
BG_2009;Acipenser gueldenstaedtii;Acipenser stellatus;Belgradiella bachkovoensis;Bythinella gloeeri;Bythinella markovi;Grossuana thracica;Horatia lucidulus;Huso huso;Ropalopus ungaricus;;;;;;;;;;;;;;;;;;;;;;;;;;;;;;;;;;;;;;
BG_2008;Alburnus mandrensis;Alburnus schischkovi;Anguilla anguilla;Branta ruficollis;Monachus monachus;Mustela lutreola;Neophron percnopterus;Oxyura leucocephala;Phoxinus strandjae;;;;;;;;;;;;;;;;;;;;;;;;;;;;;;;;;;;;;;
BG_2007;Rhinobatos rhinobatos;;;;;;;;;;;;;;;;;;;;;;;;;;;;;;;;;;;;;;;;;;;;;;
BG_2006;Squatina squatina;;;;;;;;;;;;;;;;;;;;;;;;;;;;;;;;;;;;;;;;;;;;;;
BG_2005;-;;;;;;;;;;;;;;;;;;;;;;;;;;;;;;;;;;;;;;;;;;;;;;
BG_2004;-;;;;;;;;;;;;;;;;;;;;;;;;;;;;;;;;;;;;;;;;;;;;;;
BG_2003;-;;;;;;;;;;;;;;;;;;;;;;;;;;;;;;;;;;;;;;;;;;;;;;
CY_2010;-;;;;;;;;;;;;;;;;;;;;;;;;;;;;;;;;;;;;;;;;;;;;;;
CY_2009;-;;;;;;;;;;;;;;;;;;;;;;;;;;;;;;;;;;;;;;;;;;;;;;
CY_2008;-;;;;;;;;;;;;;;;;;;;;;;;;;;;;;;;;;;;;;;;;;;;;;;
CY_2007;-;;;;;;;;;;;;;;;;;;;;;;;;;;;;;;;;;;;;;;;;;;;;;;
CY_2006;-;;;;;;;;;;;;;;;;;;;;;;;;;;;;;;;;;;;;;;;;;;;;;;
CY_2005;-;;;;;;;;;;;;;;;;;;;;;;;;;;;;;;;;;;;;;;;;;;;;;;
CY_2004;-;;;;;;;;;;;;;;;;;;;;;;;;;;;;;;;;;;;;;;;;;;;;;;
CY_2003;-;;;;;;;;;;;;;;;;;;;;;;;;;;;;;;;;;;;;;;;;;;;;;;
CZ_2010;Margaritifera auricularia;;;;;;;;;;;;;;;;;;;;;;;;;;;;;;;;;;;;;;;;;;;;;;
CZ_2009;Ampedus quadrisignatus;Limoniscus violaceus;Ropalopus ungaricus;;;;;;;;;;;;;;;;;;;;;;;;;;;;;;;;;;;;;;;;;;;;
CZ_2008;Anguilla anguilla;Hucho hucho;Mustela lutreola;;;;;;;;;;;;;;;;;;;;;;;;;;;;;;;;;;;;;;;;;;;;
CZ_2007;-;;;;;;;;;;;;;;;;;;;;;;;;;;;;;;;;;;;;;;;;;;;;;;
CZ_2006;-;;;;;;;;;;;;;;;;;;;;;;;;;;;;;;;;;;;;;;;;;;;;;;
CZ_2005;-;;;;;;;;;;;;;;;;;;;;;;;;;;;;;;;;;;;;;;;;;;;;;;
CZ_2004;-;;;;;;;;;;;;;;;;;;;;;;;;;;;;;;;;;;;;;;;;;;;;;;
CZ_2003;-;;;;;;;;;;;;;;;;;;;;;;;;;;;;;;;;;;;;;;;;;;;;;;
DE_2010;Austropotamobius pallipes;Margaritifera auricularia;;;;;;;;;;;;;;;;;;;;;;;;;;;;;;;;;;;;;;;;;;;;;
DE_2009;Acipenser sturio;Ampedus quadrisignatus;Buprestis splendens;Limoniscus violaceus;Ropalopus ungaricus;;;;;;;;;;;;;;;;;;;;;;;;;;;;;;;;;;;;;;;;;;
DE_2008;Anguilla anguilla;Balaenoptera physalus;Branta ruficollis;Bythiospeum dubium;Coregonus bavaricus;Coregonus hoferi;Equus ferus;Eubalaena glacialis;Hucho hucho;Microtus bavaricus;Mustela lutreola;;;;;;;;;;;;;;;;;;;;;;;;;;;;;;;;;;;;
DE_2007;Rhinobatos rhinobatos;;;;;;;;;;;;;;;;;;;;;;;;;;;;;;;;;;;;;;;;;;;;;;
DE_2006;Dipturus batis;Squatina squatina;;;;;;;;;;;;;;;;;;;;;;;;;;;;;;;;;;;;;;;;;;;;;
DE_2005;-;;;;;;;;;;;;;;;;;;;;;;;;;;;;;;;;;;;;;;;;;;;;;;
DE_2004;-;;;;;;;;;;;;;;;;;;;;;;;;;;;;;;;;;;;;;;;;;;;;;;
DE_2003;-;;;;;;;;;;;;;;;;;;;;;;;;;;;;;;;;;;;;;;;;;;;;;;
DK_2010;Margaritifera auricularia;;;;;;;;;;;;;;;;;;;;;;;;;;;;;;;;;;;;;;;;;;;;;;
DK_2009;Acipenser sturio;Limoniscus violaceus;;;;;;;;;;;;;;;;;;;;;;;;;;;;;;;;;;;;;;;;;;;;;
DK_2008;Anguilla anguilla;Balaenoptera physalus;Branta ruficollis;;;;;;;;;;;;;;;;;;;;;;;;;;;;;;;;;;;;;;;;;;;;
DK_2007;Rhinobatos rhinobatos;;;;;;;;;;;;;;;;;;;;;;;;;;;;;;;;;;;;;;;;;;;;;;
DK_2006;Dipturus batis;Squantina squantina;;;;;;;;;;;;;;;;;;;;;;;;;;;;;;;;;;;;;;;;;;;;;
DK_2005;-;;;;;;;;;;;;;;;;;;;;;;;;;;;;;;;;;;;;;;;;;;;;;;
DK_2004;-;;;;;;;;;;;;;;;;;;;;;;;;;;;;;;;;;;;;;;;;;;;;;;
DK_2003;-;;;;;;;;;;;;;;;;;;;;;;;;;;;;;;;;;;;;;;;;;;;;;;
EE_2010;-;;;;;;;;;;;;;;;;;;;;;;;;;;;;;;;;;;;;;;;;;;;;;;
EE_2009;Limoniscus violaceus;;;;;;;;;;;;;;;;;;;;;;;;;;;;;;;;;;;;;;;;;;;;;;
EE_2008;Anguilla anguilla;;;;;;;;;;;;;;;;;;;;;;;;;;;;;;;;;;;;;;;;;;;;;;
EE_2007;-;;;;;;;;;;;;;;;;;;;;;;;;;;;;;;;;;;;;;;;;;;;;;;
EE_2006;-;;;;;;;;;;;;;;;;;;;;;;;;;;;;;;;;;;;;;;;;;;;;;;
EE_2005;-;;;;;;;;;;;;;;;;;;;;;;;;;;;;;;;;;;;;;;;;;;;;;;
EE_2004;-;;;;;;;;;;;;;;;;;;;;;;;;;;;;;;;;;;;;;;;;;;;;;;
EE_2003;-;;;;;;;;;;;;;;;;;;;;;;;;;;;;;;;;;;;;;;;;;;;;;;
ES_2010;Margaritifera auricularia;Pterodroma madeira;Puffinus mauretanicus;Saxicola dacotiae;;;;;;;;;;;;;;;;;;;;;;;;;;;;;;;;;;;;;;;;;;;
ES_2009;Acipenser sturio;Buprestis splendens;Genista ancistrocarpa;Leipaspis pinocola;Limoniscus violaceus;Micropyropsis tuberosa;Pieris cheiranthi;Plebejus zullichi;;;;;;;;;;;;;;;;;;;;;;;;;;;;;;;;;;;;;;;
ES_2008;Algyroides marchi;Anguilla anguilla;Balaenoptera borealis;Balaenoptera musculus;Balaenoptera physalus;Calotriton arnoli;Chalcides mauritanicus;Chalcides parallelus;Chalcides simonyi;Columba junoniae;Crocidura canariensis;Eubalaena glacialis;Gallotia auaritae;Gallotia bravoana;Gallotia intermedia;Gallotia simonyi;Iberolacerta aranica;Iberolacerta aurelioi;Iberolacerta cyreni;Iberolactera martinezricai;Lynx pardinus;Monachus monachus;Mustela lutreola;Neophron percnopterus;Oxyura leucocephala;Pipistrellus maderensis;Plecotus teneriffae;Podarcis carbonelli;Podarcis lilfordi;Rana pyrenaica;Rynchospora modesti-lucennooi;Squalius malacitanus;;;;;;;;;;;;;;;
ES_2007;Pilularia minuta;Pristis perotteti;Rhinobatos cemiculus;Rhinobatos rhinobatos;Sphyrna mokarran;Squatina aculeata;Squatina oculata;;;;;;;;;;;;;;;;;;;;;;;;;;;;;;;;;;;;;;;;
ES_2006;Allium rouyi;Anaecypris hispanica;Anthirrhinum subbaeticum;Aphanius baeticus;Asphanius iberus;Apium bermejoi;Arenaria bolosii;Arenaria nevadensis;Astragalus cavanillesii;Brimeura duvigneaudii;Cerastium sventenii;Cobitis calderoni;Cobitis vettonica;Diplotaxis siettiana;Dipturus batis;Echium acanthocarpum;Echium handiense;Echium valentinum;Euphorbia margalidiana;Femeniasia balearica;Gyrocaryum oppositifolium;Helianthemum guerrae;Iberochondrostoma oretanum;Iberocypris palaciosi;Jasione mansanetiana;Ligusticum huteri;Lithodora nitida;Medicago citrina;Mobula mobular;Moehringia fontqueri;Narcissus alcaracensis;Narcissus bugei;Narcissus longispathus;Narcissus radinganorum;Naufraga balearica;Parachondrostoma arrigonis;Parachondrostoma turiense;Rostroraja alba;Senecio alboranicus;Silene diclinis;Silene fernandezii;Silene gazulensis;Silene sennenii;Solenathus reverchonii;Squatina squatina;Succisella andreae-molinae;Valencia hispanica
ES_2005;-;;;;;;;;;;;;;;;;;;;;;;;;;;;;;;;;;;;;;;;;;;;;;;
ES_2004;Epinephelus marginatus;;;;;;;;;;;;;;;;;;;;;;;;;;;;;;;;;;;;;;;;;;;;;;
ES_2003;Raja undulata;;;;;;;;;;;;;;;;;;;;;;;;;;;;;;;;;;;;;;;;;;;;;;
FI_2010;-;;;;;;;;;;;;;;;;;;;;;;;;;;;;;;;;;;;;;;;;;;;;;;
FI_2009;-;;;;;;;;;;;;;;;;;;;;;;;;;;;;;;;;;;;;;;;;;;;;;;
FI_2008;Anguilla anguilla;Coregonus trybomi;Mustela lutreola;;;;;;;;;;;;;;;;;;;;;;;;;;;;;;;;;;;;;;;;;;;;
FI_2007;-;;;;;;;;;;;;;;;;;;;;;;;;;;;;;;;;;;;;;;;;;;;;;;
FI_2006;-;;;;;;;;;;;;;;;;;;;;;;;;;;;;;;;;;;;;;;;;;;;;;;
FI_2005;-;;;;;;;;;;;;;;;;;;;;;;;;;;;;;;;;;;;;;;;;;;;;;;
FI_2004;-;;;;;;;;;;;;;;;;;;;;;;;;;;;;;;;;;;;;;;;;;;;;;;
FI_2003;-;;;;;;;;;;;;;;;;;;;;;;;;;;;;;;;;;;;;;;;;;;;;;;
FR_2010;Austropotamobius pallipes;Graziana cezairensis;Graziana provincialis;Graziana trinitatis;Margaritifera auricularia;Puffinus mauretanicus;;;;;;;;;;;;;;;;;;;;;;;;;;;;;;;;;;;;;;;;;
FR_2009;Acipenser sturio;Ampedus quadrisignatus;Belgrandia conoidea;Belgrandia moitessieri;Belgrandia varica;Bythinella carinulata;Bythinella eutrepha;Bythinella viridis;Bythiospeum klemmi;Henrigirardia wienini;Limoniscus violaceus;Mercuria meridionalis;Mercuria vindilica;Paladilhia gloeeri;Plagigeyeria deformata;Ropalopus ungaricus;;;;;;;;;;;;;;;;;;;;;;;;;;;;;;;
FR_2008;Anguilla anguilla;Balaenoptera musculus;Balaenoptera physalus;Cottus rondeleti;Eubalaena glacialis;Iberolacerta aranica;Iberolacerta aurelioi;Limonium legrandii;Mercuria sarahae;Monachus monachus;Mustela lutreola;Neophron percnopterus;Rana pyrenaica;Weissia multicapsularis;;;;;;;;;;;;;;;;;;;;;;;;;;;;;;;;;
FR_2007;Pilularia minuta;Rhinobatos cemiculus;Rhinobatos rhinobatos;Sphyrna mokarran;Squatina aculeata;Squatina oculata;;;;;;;;;;;;;;;;;;;;;;;;;;;;;;;;;;;;;;;;;
FR_2006;Anchusa crispa;Biscutella rotgesii;Centranthus trinervis;Dipturus batis;Limonium strictissimum;Mobula mobular;Naufraga balearica;Rostroraja alba;Squantina squantina;Zingel asper;;;;;;;;;;;;;;;;;;;;;;;;;;;;;;;;;;;;;
FR_2005;-;;;;;;;;;;;;;;;;;;;;;;;;;;;;;;;;;;;;;;;;;;;;;;
FR_2004;Epinephelus marginatus;;;;;;;;;;;;;;;;;;;;;;;;;;;;;;;;;;;;;;;;;;;;;;
FR_2003;Raja undulata;;;;;;;;;;;;;;;;;;;;;;;;;;;;;;;;;;;;;;;;;;;;;;
GR_2010;Numenius tenuirostris;;;;;;;;;;;;;;;;;;;;;;;;;;;;;;;;;;;;;;;;;;;;;;
GR_2009;Acipenser naccarii;Acipenser stellatus;Anaglyptus luteofasciatus;Anaglyptus praecellens;Boyeria cretensis;Buprestis splendens;Isotomus jarmilae;Osmoderma Iassallei;Parabythinella macedonia;Parabythinella malaprespensis;Pisidium maasseni;Prespolitorea malaprespensis;Prespolitorea valvataeformis;Pseudosphegesthes bergeri;Pyrgohydrobia prespaensis;Pyrrhosoma elisabethae;Radix pinteri;Stenopterus creticus;Trichoferus bergeri;;;;;;;;;;;;;;;;;;;;;;;;;;;;
GR_2008;Alburnus macedonicus;Alburnus vistonicus;Alburnus volviticus;Anguilla anguilla;Aphanius almiriensis;Balaenoptera musculus;Balaenoptera physalus;Branta ruficollis;Macrovipera schweizeri;Monachus monachus;Neophron percnopterus;Oxyura leucocephala;Pelophylax cerigensis;Pelophylax cretensis;Phoxinus strymonicus;Podarcis cretensis;Rutilus ylikiensis;Squalius moreoticus;Squalius sp. Nov. 'Evia';;;;;;;;;;;;;;;;;;;;;;;;;;;;
GR_2007;Cordulegaster helladica;Pilularia minuta;Rhinobatos cemiculus;Rhinobatos rhinobatos;Squatina oculata;;;;;;;;;;;;;;;;;;;;;;;;;;;;;;;;;;;;;;;;;;
GR_2006;Aethionema retsina;Alosa vistonica;Anthemis glaberrima;Barbus euboicus;Bupleurum kakiskalae;Cobitis arachthosensis;Cobitus hellenica;Cobitis stephanidisi;Cobitis trichonica;Consolida samia;Convolvulus argyrothamnos;Dipturus batis;Economidichthys trichonis;Eudontomyzon hellenicus;Horstrissea dolinicola;Knipowitschia milleri;Knipowitschia thessala;Luciobarbus graecus;Minuartia dirphya;Mobula mobular;Pelasgus epiroticus;Pelasgus Iaconicus;Pelasgus prespensis;Polygala helenae;Pungitius hellenicus;Rostroraja alba;Salaria economidisi;Salmo peristericus;Saponaria jagelii;Scardinius graecus;Squalius keadicus;Squatina squatina;Telestes beoticus;Valencia letourneuxi;;;;;;;;;;;;;
GR_2005;-;;;;;;;;;;;;;;;;;;;;;;;;;;;;;;;;;;;;;;;;;;;;;;
GR_2004;Epinephelus marginatus;;;;;;;;;;;;;;;;;;;;;;;;;;;;;;;;;;;;;;;;;;;;;;
GR_2003;Raja undulata;;;;;;;;;;;;;;;;;;;;;;;;;;;;;;;;;;;;;;;;;;;;;;
HU_2010;Numenius tenuirostris;;;;;;;;;;;;;;;;;;;;;;;;;;;;;;;;;;;;;;;;;;;;;;
HU_2009;Acipenser gueldenstaedtii;Acipenser nudiventris;Ampedus quadrisignatus;Huso huso;Limoniscus violaceus;Ropalopus ungaricus;;;;;;;;;;;;;;;;;;;;;;;;;;;;;;;;;;;;;;;;;
HU_2008;Branta ruficollis;Hucho hucho;Mustela lutreola;Oxyura leucocephala;;;;;;;;;;;;;;;;;;;;;;;;;;;;;;;;;;;;;;;;;;;
HU_2007;-;;;;;;;;;;;;;;;;;;;;;;;;;;;;;;;;;;;;;;;;;;;;;;
HU_2006;-;;;;;;;;;;;;;;;;;;;;;;;;;;;;;;;;;;;;;;;;;;;;;;
HU_2005;-;;;;;;;;;;;;;;;;;;;;;;;;;;;;;;;;;;;;;;;;;;;;;;
HU_2004;-;;;;;;;;;;;;;;;;;;;;;;;;;;;;;;;;;;;;;;;;;;;;;;
HU_2003;-;;;;;;;;;;;;;;;;;;;;;;;;;;;;;;;;;;;;;;;;;;;;;;
IE_2010;Puffinus mauretanicus;;;;;;;;;;;;;;;;;;;;;;;;;;;;;;;;;;;;;;;;;;;;;;
IE_2009;Numenius borealis;;;;;;;;;;;;;;;;;;;;;;;;;;;;;;;;;;;;;;;;;;;;;;
IE_2008;Alosa killarnensis;Anguilla anguilla;Balaenoptera borealis;Balaenoptera musculus;Balaenoptera physalus;Coregonus pollan;Eubalaena glacialis;Salvelinus grayi;Salvelinus obtusus;;;;;;;;;;;;;;;;;;;;;;;;;;;;;;;;;;;;;;
IE_2007;Rhinobatos rhinobatos;;;;;;;;;;;;;;;;;;;;;;;;;;;;;;;;;;;;;;;;;;;;;;
IE_2006;Dipturus batis;Squatina squatina;;;;;;;;;;;;;;;;;;;;;;;;;;;;;;;;;;;;;;;;;;;;;
IE_2005;-;;;;;;;;;;;;;;;;;;;;;;;;;;;;;;;;;;;;;;;;;;;;;;
IE_2004;-;;;;;;;;;;;;;;;;;;;;;;;;;;;;;;;;;;;;;;;;;;;;;;
IE_2003;-;;;;;;;;;;;;;;;;;;;;;;;;;;;;;;;;;;;;;;;;;;;;;;
IT_2010;Alzoniella delmastroi;Armeria helodes;Austropotamobius pallipes;Margaritifera auricularia;Melanopsis etrusca;Numenius tenuirostris;Sisymbrella dentata;;;;;;;;;;;;;;;;;;;;;;;;;;;;;;;;;;;;;;;;
IT_2009;Acipenser naccarii;Acipenser sturio;Ampedus quadrisignatus;Belgrandia bonelliana;Buprestis splendens;Heleobia foxianensis;Osmoderma cristinae;Osmoderma italica;Pezzolia radapalladis;Polyommatus humedasae;Ropalopus ungaricus;Salenthydrobia ferrerii;Sardohoratia islamioides;Sardohoratio sulcata;;;;;;;;;;;;;;;;;;;;;;;;;;;;;;;;;
IT_2008;Anguilla anguilla;Balaenoptera physalus;Bombina pachypus;Euproctus platycephalus;Monachus monachus;Neophron percnopterus;Podarcis raffonei;Saxifraga tomeanensis;Speleomantes supramontis;;;;;;;;;;;;;;;;;;;;;;;;;;;;;;;;;;;;;;
IT_2007;Pilularia minuta;Rhinobatos cemiculus;Squatina aculeata;Squatina oculata;;;;;;;;;;;;;;;;;;;;;;;;;;;;;;;;;;;;;;;;;;;
IT_2006;Abies nebrodensis;Anchusa crispa;Aquilegia barbaricina;Aquilegia nuragica;Barbus caninus;Bupleurum dianthifolium;Bupleurum elatum;Calendula maritima;Centaurea gymnocarpa;Centranthus amazonum;Chondrostoma soetta;Dipturus batis;Hieracium lucidum;Lamyropsis microcephala;Leucoraja melitensis;Limonium strictissimum;Mobula mobular;Petagnaea gussonei;Pleurotus nebrodensis;Polygala sinisica;Ribes sardoum;Romanogobio benacensis;Rostroraja alba;Salmo carpio;Scardinius scardafa;Silene hicesiae;Squalius lucumonis;Squatina squatina;Viola ucriana;Zelkova sicula;;;;;;;;;;;;;;;;;
IT_2005;-;;;;;;;;;;;;;;;;;;;;;;;;;;;;;;;;;;;;;;;;;;;;;;
IT_2004;Epinephelus marginatus;;;;;;;;;;;;;;;;;;;;;;;;;;;;;;;;;;;;;;;;;;;;;;
IT_2003;Raja undulata;;;;;;;;;;;;;;;;;;;;;;;;;;;;;;;;;;;;;;;;;;;;;;
LT_2010;-;;;;;;;;;;;;;;;;;;;;;;;;;;;;;;;;;;;;;;;;;;;;;;
LT_2009;-;;;;;;;;;;;;;;;;;;;;;;;;;;;;;;;;;;;;;;;;;;;;;;
LT_2008;Anguilla anguilla;Mustela lutreola;Equus ferus;;;;;;;;;;;;;;;;;;;;;;;;;;;;;;;;;;;;;;;;;;;;
LT_2007;-;;;;;;;;;;;;;;;;;;;;;;;;;;;;;;;;;;;;;;;;;;;;;;
LT_2006;-;;;;;;;;;;;;;;;;;;;;;;;;;;;;;;;;;;;;;;;;;;;;;;
LT_2005;-;;;;;;;;;;;;;;;;;;;;;;;;;;;;;;;;;;;;;;;;;;;;;;
LT_2004;-;;;;;;;;;;;;;;;;;;;;;;;;;;;;;;;;;;;;;;;;;;;;;;
LT_2003;-;;;;;;;;;;;;;;;;;;;;;;;;;;;;;;;;;;;;;;;;;;;;;;
LU_2010;Margaritifera auricularia;;;;;;;;;;;;;;;;;;;;;;;;;;;;;;;;;;;;;;;;;;;;;;
LU_2009;-;;;;;;;;;;;;;;;;;;;;;;;;;;;;;;;;;;;;;;;;;;;;;;
LU_2008;anguilla anguilla;;;;;;;;;;;;;;;;;;;;;;;;;;;;;;;;;;;;;;;;;;;;;;
LU_2007;-;;;;;;;;;;;;;;;;;;;;;;;;;;;;;;;;;;;;;;;;;;;;;;
LU_2006;-;;;;;;;;;;;;;;;;;;;;;;;;;;;;;;;;;;;;;;;;;;;;;;
LU_2005;-;;;;;;;;;;;;;;;;;;;;;;;;;;;;;;;;;;;;;;;;;;;;;;
LU_2004;-;;;;;;;;;;;;;;;;;;;;;;;;;;;;;;;;;;;;;;;;;;;;;;
LU_2003;-;;;;;;;;;;;;;;;;;;;;;;;;;;;;;;;;;;;;;;;;;;;;;;
LV_2010;-;;;;;;;;;;;;;;;;;;;;;;;;;;;;;;;;;;;;;;;;;;;;;;
LV_2009;-;;;;;;;;;;;;;;;;;;;;;;;;;;;;;;;;;;;;;;;;;;;;;;
LV_2008;Anguilla anguilla;Mustela lutreola;;;;;;;;;;;;;;;;;;;;;;;;;;;;;;;;;;;;;;;;;;;;;
LV_2007;-;;;;;;;;;;;;;;;;;;;;;;;;;;;;;;;;;;;;;;;;;;;;;;
LV_2006;-;;;;;;;;;;;;;;;;;;;;;;;;;;;;;;;;;;;;;;;;;;;;;;
LV_2005;-;;;;;;;;;;;;;;;;;;;;;;;;;;;;;;;;;;;;;;;;;;;;;;
LV_2004;-;;;;;;;;;;;;;;;;;;;;;;;;;;;;;;;;;;;;;;;;;;;;;;
LV_2003;-;;;;;;;;;;;;;;;;;;;;;;;;;;;;;;;;;;;;;;;;;;;;;;
MT_2010;-;;;;;;;;;;;;;;;;;;;;;;;;;;;;;;;;;;;;;;;;;;;;;;
MT_2009;-;;;;;;;;;;;;;;;;;;;;;;;;;;;;;;;;;;;;;;;;;;;;;;
MT_2008;Balaenoptera physalus;Monachus monachus;Neophron percnopterus;;;;;;;;;;;;;;;;;;;;;;;;;;;;;;;;;;;;;;;;;;;;
MT_2007;Rhinobatus cemiculus;;;;;;;;;;;;;;;;;;;;;;;;;;;;;;;;;;;;;;;;;;;;;;
MT_2006;Cheirolophus crassifolius;Cremnophyton Ianfrancoi;Helichrysum melitense;Leucoraja melitensis;Mobula mobular;;;;;;;;;;;;;;;;;;;;;;;;;;;;;;;;;;;;;;;;;;
MT_2005;-;;;;;;;;;;;;;;;;;;;;;;;;;;;;;;;;;;;;;;;;;;;;;;
MT_2004;Epinephelus marginatus;;;;;;;;;;;;;;;;;;;;;;;;;;;;;;;;;;;;;;;;;;;;;;
MT_2003;-;;;;;;;;;;;;;;;;;;;;;;;;;;;;;;;;;;;;;;;;;;;;;;
NL_2010;Margaritifera auricularia;;;;;;;;;;;;;;;;;;;;;;;;;;;;;;;;;;;;;;;;;;;;;;
NL_2009;Acipenser sturio;;;;;;;;;;;;;;;;;;;;;;;;;;;;;;;;;;;;;;;;;;;;;;
NL_2008;Anguilla anguilla;Balaenoptera physalus;Eubalaena glacialis;Mustela lutreola;;;;;;;;;;;;;;;;;;;;;;;;;;;;;;;;;;;;;;;;;;;
NL_2007;-;;;;;;;;;;;;;;;;;;;;;;;;;;;;;;;;;;;;;;;;;;;;;;
NL_2006;Dipturus batis;Squatina squatina;;;;;;;;;;;;;;;;;;;;;;;;;;;;;;;;;;;;;;;;;;;;;
NL_2005;-;;;;;;;;;;;;;;;;;;;;;;;;;;;;;;;;;;;;;;;;;;;;;;
NL_2004;-;;;;;;;;;;;;;;;;;;;;;;;;;;;;;;;;;;;;;;;;;;;;;;
NL_2003;-;;;;;;;;;;;;;;;;;;;;;;;;;;;;;;;;;;;;;;;;;;;;;;
PL_2010;Margaritifera auricularia;;;;;;;;;;;;;;;;;;;;;;;;;;;;;;;;;;;;;;;;;;;;;;
PL_2009;Acipenser sturio;;;;;;;;;;;;;;;;;;;;;;;;;;;;;;;;;;;;;;;;;;;;;;
PL_2008;Anguilla anguilla;Balaenoptera physalus;Eubalaena glacialis;Mustela lutreola;;;;;;;;;;;;;;;;;;;;;;;;;;;;;;;;;;;;;;;;;;;
PL_2007;-;;;;;;;;;;;;;;;;;;;;;;;;;;;;;;;;;;;;;;;;;;;;;;
PL_2006;Dipturus batis;Squatina squatina;;;;;;;;;;;;;;;;;;;;;;;;;;;;;;;;;;;;;;;;;;;;;
PL_2005;-;;;;;;;;;;;;;;;;;;;;;;;;;;;;;;;;;;;;;;;;;;;;;;
PL_2004;-;;;;;;;;;;;;;;;;;;;;;;;;;;;;;;;;;;;;;;;;;;;;;;
PL_2003;-;;;;;;;;;;;;;;;;;;;;;;;;;;;;;;;;;;;;;;;;;;;;;;
PT_2010;Austropotamobius pallipes;Margaritifera auricularia;Pterodroma madeira;Puffinus mauretanicus;Pyrrhula murina;;;;;;;;;;;;;;;;;;;;;;;;;;;;;;;;;;;;;;;;;;
PT_2009;Acipenser sturio;Anapistula ataecina;Crotchiella brachyptera;Genista ancistrocarpa;Gonepteryx maderensis;Pararge xiphia;Pieris wollastoni;;;;;;;;;;;;;;;;;;;;;;;;;;;;;;;;;;;;;;;;
PT_2008;Achondrostoma occidentale;Anguilla anguilla;Balaenoptera borealis;Balaenoptera musculus;Balaenoptera physalus;Eubalaena glacialis;Iberochondrostoma almacai;Monachus monachus;Neophron percnopterus;Nyctalus azoreum;Pipistrellus maderensis;Podarcis carbonelli;Rhynchospora modesti-lucennoi;;;;;;;;;;;;;;;;;;;;;;;;;;;;;;;;;;
PT_2007;Pilularia minuta;Rhinobatos rhinobatos;Squatina oculata;;;;;;;;;;;;;;;;;;;;;;;;;;;;;;;;;;;;;;;;;;;;
PT_2006;Cobitis calderoni;Dipturus batis;Iberochondrostoma Iusitanicus;Rostroraja alba;Squalius torgalensis;Squatina squatina;;;;;;;;;;;;;;;;;;;;;;;;;;;;;;;;;;;;;;;;;
PT_2005;-;;;;;;;;;;;;;;;;;;;;;;;;;;;;;;;;;;;;;;;;;;;;;;
PT_2004;Epinephelus marginatus;;;;;;;;;;;;;;;;;;;;;;;;;;;;;;;;;;;;;;;;;;;;;;
PT_2003;Raja undulata;;;;;;;;;;;;;;;;;;;;;;;;;;;;;;;;;;;;;;;;;;;;;;
RO_2010;Numenius tenuirostris;;;;;;;;;;;;;;;;;;;;;;;;;;;;;;;;;;;;;;;;;;;;;;
RO_2009;Acipenser gueldenstaedtii;Acipenser nudiventris;Acipenser stellatus;Ampedus quadrisignatus;Buprestis splendens;Huso huso;Limoniscus violaceus;Ropalopus ungaricus;;;;;;;;;;;;;;;;;;;;;;;;;;;;;;;;;;;;;;;
RO_2008;Anguilla anguilla;Branta ruficollis;Hucho hucho;Knipowitschia cameliae;Monachus monachus;Mustela lutreola;Neophron percnopterus;Oxyura leucocephala;Romanichthys valsanicola;Scardinius racovitzai;;;;;;;;;;;;;;;;;;;;;;;;;;;;;;;;;;;;;
RO_2007;-;;;;;;;;;;;;;;;;;;;;;;;;;;;;;;;;;;;;;;;;;;;;;;
RO_2006;Squatina squatina;;;;;;;;;;;;;;;;;;;;;;;;;;;;;;;;;;;;;;;;;;;;;;
RO_2005;-;;;;;;;;;;;;;;;;;;;;;;;;;;;;;;;;;;;;;;;;;;;;;;
RO_2004;-;;;;;;;;;;;;;;;;;;;;;;;;;;;;;;;;;;;;;;;;;;;;;;
RO_2003;-;;;;;;;;;;;;;;;;;;;;;;;;;;;;;;;;;;;;;;;;;;;;;;
SE_2010;-;;;;;;;;;;;;;;;;;;;;;;;;;;;;;;;;;;;;;;;;;;;;;;
SE_2009;Bupestris splendens;;;;;;;;;;;;;;;;;;;;;;;;;;;;;;;;;;;;;;;;;;;;;;
SE_2008;Anguilla anguilla;Balaenoptera physalus;Coregonus trybomi;;;;;;;;;;;;;;;;;;;;;;;;;;;;;;;;;;;;;;;;;;;;
SE_2007;-;;;;;;;;;;;;;;;;;;;;;;;;;;;;;;;;;;;;;;;;;;;;;;
SE_2006;Squatina squatina;;;;;;;;;;;;;;;;;;;;;;;;;;;;;;;;;;;;;;;;;;;;;;
SE_2005;-;;;;;;;;;;;;;;;;;;;;;;;;;;;;;;;;;;;;;;;;;;;;;;
SE_2004;-;;;;;;;;;;;;;;;;;;;;;;;;;;;;;;;;;;;;;;;;;;;;;;
SE_2003;Erioderma pedicellatum;;;;;;;;;;;;;;;;;;;;;;;;;;;;;;;;;;;;;;;;;;;;;;
SI_2010;Austropotamobius pallipes;Kerkia kusceri;;;;;;;;;;;;;;;;;;;;;;;;;;;;;;;;;;;;;;;;;;;;;
SI_2009;Ropalopus ungaricus;;;;;;;;;;;;;;;;;;;;;;;;;;;;;;;;;;;;;;;;;;;;;;
SI_2008;Alburnus sarmaticus;Anguilla anguilla;Hucho hucho;Monachus monachus;Neophron percnopterus;;;;;;;;;;;;;;;;;;;;;;;;;;;;;;;;;;;;;;;;;;
SI_2007;Rhinobatos cemiculus;Rhinobatos rhinobatos;Squatina oculata;;;;;;;;;;;;;;;;;;;;;;;;;;;;;;;;;;;;;;;;;;;;
SI_2006;Chondrostoma soetta;Dipturus batis;Romanogobio benacensis;Rostroraja alba;Squatina squatina;;;;;;;;;;;;;;;;;;;;;;;;;;;;;;;;;;;;;;;;;;
SI_2005;-;;;;;;;;;;;;;;;;;;;;;;;;;;;;;;;;;;;;;;;;;;;;;;
SI_2004;Epinephelus marginatus;;;;;;;;;;;;;;;;;;;;;;;;;;;;;;;;;;;;;;;;;;;;;;
SI_2003;-;;;;;;;;;;;;;;;;;;;;;;;;;;;;;;;;;;;;;;;;;;;;;;
SK_2010;-;;;;;;;;;;;;;;;;;;;;;;;;;;;;;;;;;;;;;;;;;;;;;;
SK_2009;Ampedus quadrisignatus;Huso huso;Limoniscus violaceus;Ropalopus ungaricus;;;;;;;;;;;;;;;;;;;;;;;;;;;;;;;;;;;;;;;;;;;
SK_2008;Anguilla anguilla;Hucho hucho;Mustela lutreola;;;;;;;;;;;;;;;;;;;;;;;;;;;;;;;;;;;;;;;;;;;;
SK_2007;-;;;;;;;;;;;;;;;;;;;;;;;;;;;;;;;;;;;;;;;;;;;;;;
SK_2006;-;;;;;;;;;;;;;;;;;;;;;;;;;;;;;;;;;;;;;;;;;;;;;;
SK_2005;-;;;;;;;;;;;;;;;;;;;;;;;;;;;;;;;;;;;;;;;;;;;;;;
SK_2004;-;;;;;;;;;;;;;;;;;;;;;;;;;;;;;;;;;;;;;;;;;;;;;;
SK_2003;-;;;;;;;;;;;;;;;;;;;;;;;;;;;;;;;;;;;;;;;;;;;;;;
UK_2010;Austropotamobius pallipes;Margaritifera auricularia;Puffinus mauretanicus;;;;;;;;;;;;;;;;;;;;;;;;;;;;;;;;;;;;;;;;;;;;
UK_2009;Acipenser sturio;Limoniscus violaceus;Numenius borealis;;;;;;;;;;;;;;;;;;;;;;;;;;;;;;;;;;;;;;;;;;;;
UK_2008;Anguilla anguilla;Balaenoptera borealis;Balaenoptera musculus;Balaenoptera physalus;Coregonus pennantii;Coregonus pollan;Coregonus stigmaticus;Coregonus vandesius;Eubalaena glacialis;Salvelinus grayi;Salvelinus Ionsdalii;Salvelinus willoughbii;Weissia multicapsularis;;;;;;;;;;;;;;;;;;;;;;;;;;;;;;;;;;
UK_2007;Rhinobatos rhinobatos;;;;;;;;;;;;;;;;;;;;;;;;;;;;;;;;;;;;;;;;;;;;;;
UK_2006;Dipturus batis;Rostroraja alba;Squatina squatina;;;;;;;;;;;;;;;;;;;;;;;;;;;;;;;;;;;;;;;;;;;;
UK_2005;-;;;;;;;;;;;;;;;;;;;;;;;;;;;;;;;;;;;;;;;;;;;;;;
UK_2004;Epinephelus marginatus;;;;;;;;;;;;;;;;;;;;;;;;;;;;;;;;;;;;;;;;;;;;;;
UK_2003;Raja undulata;;;;;;;;;;;;;;;;;;;;;;;;;;;;;;;;;;;;;;;;;;;;;;
